timestamp,testcase,workload,latency
"2022-05-06 15:45:03",firewall,wo,0.671
"2022-05-06 15:45:03",firewall,wo,0.836
"2022-05-06 15:45:03",firewall,wo,0.690
"2022-05-06 15:45:03",firewall,wo,0.734
"2022-05-06 15:45:03",firewall,wo,0.715
"2022-05-06 15:45:03",firewall,wo,0.868
"2022-05-06 15:45:03",firewall,wo,0.760
"2022-05-06 15:45:03",firewall,wo,0.760
"2022-05-06 15:45:03",firewall,wo,0.668
"2022-05-06 15:45:03",firewall,wo,0.685
"2022-05-06 15:45:21",firewall,wt,0.231
"2022-05-06 15:45:21",firewall,wt,0.228
"2022-05-06 15:45:21",firewall,wt,0.249
"2022-05-06 15:45:21",firewall,wt,0.272
"2022-05-06 15:45:21",firewall,wt,0.210
"2022-05-06 15:45:21",firewall,wt,0.256
"2022-05-06 15:45:21",firewall,wt,0.235
"2022-05-06 15:45:21",firewall,wt,0.201
"2022-05-06 15:45:21",firewall,wt,0.265
"2022-05-06 15:45:21",firewall,wt,0.233
"2022-05-06 15:46:22",firewall,wo,0.591
"2022-05-06 15:46:22",firewall,wo,0.634
"2022-05-06 15:46:22",firewall,wo,0.753
"2022-05-06 15:46:22",firewall,wo,0.755
"2022-05-06 15:46:22",firewall,wo,1.221
"2022-05-06 15:46:22",firewall,wo,0.589
"2022-05-06 15:46:22",firewall,wo,0.912
"2022-05-06 15:46:22",firewall,wo,0.828
"2022-05-06 15:46:22",firewall,wo,0.856
"2022-05-06 15:46:22",firewall,wo,0.583
"2022-05-06 15:46:40",firewall,wt,0.244
"2022-05-06 15:46:40",firewall,wt,0.269
"2022-05-06 15:46:40",firewall,wt,0.260
"2022-05-06 15:46:40",firewall,wt,0.299
"2022-05-06 15:46:40",firewall,wt,0.267
"2022-05-06 15:46:40",firewall,wt,0.277
"2022-05-06 15:46:40",firewall,wt,0.273
"2022-05-06 15:46:40",firewall,wt,0.217
"2022-05-06 15:46:40",firewall,wt,0.302
"2022-05-06 15:46:40",firewall,wt,0.315
"2022-05-06 15:47:51",firewall,wo,0.758
"2022-05-06 15:47:51",firewall,wo,0.774
"2022-05-06 15:47:51",firewall,wo,0.890
"2022-05-06 15:47:51",firewall,wo,0.882
"2022-05-06 15:47:51",firewall,wo,0.668
"2022-05-06 15:47:51",firewall,wo,0.757
"2022-05-06 15:47:51",firewall,wo,0.607
"2022-05-06 15:47:51",firewall,wo,0.549
"2022-05-06 15:47:51",firewall,wo,0.983
"2022-05-06 15:47:51",firewall,wo,0.723
"2022-05-06 15:48:09",firewall,wt,0.248
"2022-05-06 15:48:09",firewall,wt,0.245
"2022-05-06 15:48:09",firewall,wt,0.236
"2022-05-06 15:48:09",firewall,wt,0.421
"2022-05-06 15:48:09",firewall,wt,0.177
"2022-05-06 15:48:09",firewall,wt,0.282
"2022-05-06 15:48:09",firewall,wt,0.240
"2022-05-06 15:48:09",firewall,wt,0.224
"2022-05-06 15:48:09",firewall,wt,0.237
"2022-05-06 15:48:09",firewall,wt,0.225
"2022-05-06 15:49:14",firewall,wo,0.656
"2022-05-06 15:49:14",firewall,wo,0.661
"2022-05-06 15:49:14",firewall,wo,0.786
"2022-05-06 15:49:14",firewall,wo,0.743
"2022-05-06 15:49:14",firewall,wo,0.697
"2022-05-06 15:49:14",firewall,wo,0.895
"2022-05-06 15:49:14",firewall,wo,0.669
"2022-05-06 15:49:14",firewall,wo,0.710
"2022-05-06 15:49:14",firewall,wo,0.758
"2022-05-06 15:49:14",firewall,wo,0.811
"2022-05-06 15:49:31",firewall,wt,0.259
"2022-05-06 15:49:31",firewall,wt,0.295
"2022-05-06 15:49:31",firewall,wt,0.248
"2022-05-06 15:49:31",firewall,wt,0.297
"2022-05-06 15:49:31",firewall,wt,0.232
"2022-05-06 15:49:31",firewall,wt,0.256
"2022-05-06 15:49:31",firewall,wt,0.261
"2022-05-06 15:49:31",firewall,wt,0.320
"2022-05-06 15:49:31",firewall,wt,0.295
"2022-05-06 15:49:31",firewall,wt,0.244
"2022-05-06 15:50:38",firewall,wo,0.696
"2022-05-06 15:50:38",firewall,wo,1.173
"2022-05-06 15:50:38",firewall,wo,0.656
"2022-05-06 15:50:38",firewall,wo,0.694
"2022-05-06 15:50:38",firewall,wo,0.694
"2022-05-06 15:50:38",firewall,wo,0.903
"2022-05-06 15:50:38",firewall,wo,0.761
"2022-05-06 15:50:38",firewall,wo,0.937
"2022-05-06 15:50:38",firewall,wo,0.888
"2022-05-06 15:50:38",firewall,wo,0.583
"2022-05-06 15:50:56",firewall,wt,0.262
"2022-05-06 15:50:56",firewall,wt,0.415
"2022-05-06 15:50:56",firewall,wt,0.234
"2022-05-06 15:50:56",firewall,wt,0.253
"2022-05-06 15:50:56",firewall,wt,0.268
"2022-05-06 15:50:56",firewall,wt,0.254
"2022-05-06 15:50:56",firewall,wt,0.305
"2022-05-06 15:50:56",firewall,wt,0.270
"2022-05-06 15:50:56",firewall,wt,0.216
"2022-05-06 15:50:56",firewall,wt,0.293
"2022-05-06 15:52:46",netsniff-ng,wo,0.315
"2022-05-06 15:52:46",netsniff-ng,wo,0.265
"2022-05-06 15:52:46",netsniff-ng,wo,0.248
"2022-05-06 15:52:46",netsniff-ng,wo,0.738
"2022-05-06 15:52:46",netsniff-ng,wo,0.570
"2022-05-06 15:52:46",netsniff-ng,wo,0.358
"2022-05-06 15:52:46",netsniff-ng,wo,0.419
"2022-05-06 15:52:46",netsniff-ng,wo,0.482
"2022-05-06 15:52:46",netsniff-ng,wo,0.327
"2022-05-06 15:52:46",netsniff-ng,wo,0.324
"2022-05-06 15:53:04",netsniff-ng,wt,0.162
"2022-05-06 15:53:04",netsniff-ng,wt,0.179
"2022-05-06 15:53:04",netsniff-ng,wt,0.227
"2022-05-06 15:53:04",netsniff-ng,wt,0.171
"2022-05-06 15:53:04",netsniff-ng,wt,0.293
"2022-05-06 15:53:04",netsniff-ng,wt,0.173
"2022-05-06 15:53:04",netsniff-ng,wt,0.160
"2022-05-06 15:53:04",netsniff-ng,wt,0.223
"2022-05-06 15:53:04",netsniff-ng,wt,0.188
"2022-05-06 15:53:04",netsniff-ng,wt,0.194
"2022-05-06 15:54:04",netsniff-ng,wo,0.332
"2022-05-06 15:54:04",netsniff-ng,wo,0.356
"2022-05-06 15:54:04",netsniff-ng,wo,0.512
"2022-05-06 15:54:04",netsniff-ng,wo,0.334
"2022-05-06 15:54:04",netsniff-ng,wo,0.397
"2022-05-06 15:54:04",netsniff-ng,wo,0.370
"2022-05-06 15:54:04",netsniff-ng,wo,0.749
"2022-05-06 15:54:04",netsniff-ng,wo,0.279
"2022-05-06 15:54:04",netsniff-ng,wo,0.382
"2022-05-06 15:54:04",netsniff-ng,wo,0.366
"2022-05-06 15:54:22",netsniff-ng,wt,0.171
"2022-05-06 15:54:22",netsniff-ng,wt,0.253
"2022-05-06 15:54:22",netsniff-ng,wt,0.180
"2022-05-06 15:54:22",netsniff-ng,wt,0.163
"2022-05-06 15:54:22",netsniff-ng,wt,0.170
"2022-05-06 15:54:22",netsniff-ng,wt,0.169
"2022-05-06 15:54:22",netsniff-ng,wt,0.177
"2022-05-06 15:54:22",netsniff-ng,wt,0.190
"2022-05-06 15:54:22",netsniff-ng,wt,0.179
"2022-05-06 15:54:22",netsniff-ng,wt,0.172
"2022-05-06 15:55:32",netsniff-ng,wo,0.339
"2022-05-06 15:55:32",netsniff-ng,wo,0.262
"2022-05-06 15:55:32",netsniff-ng,wo,0.260
"2022-05-06 15:55:32",netsniff-ng,wo,0.422
"2022-05-06 15:55:32",netsniff-ng,wo,0.357
"2022-05-06 15:55:32",netsniff-ng,wo,0.251
"2022-05-06 15:55:32",netsniff-ng,wo,0.442
"2022-05-06 15:55:32",netsniff-ng,wo,0.714
"2022-05-06 15:55:32",netsniff-ng,wo,0.458
"2022-05-06 15:55:32",netsniff-ng,wo,0.244
"2022-05-06 15:55:50",netsniff-ng,wt,0.171
"2022-05-06 15:55:50",netsniff-ng,wt,0.170
"2022-05-06 15:55:50",netsniff-ng,wt,0.222
"2022-05-06 15:55:50",netsniff-ng,wt,0.114
"2022-05-06 15:55:50",netsniff-ng,wt,0.168
"2022-05-06 15:55:50",netsniff-ng,wt,0.169
"2022-05-06 15:55:50",netsniff-ng,wt,0.170
"2022-05-06 15:55:50",netsniff-ng,wt,0.166
"2022-05-06 15:55:50",netsniff-ng,wt,0.195
"2022-05-06 15:55:50",netsniff-ng,wt,0.197
"2022-05-06 15:56:59",netsniff-ng,wo,0.268
"2022-05-06 15:56:59",netsniff-ng,wo,0.420
"2022-05-06 15:56:59",netsniff-ng,wo,0.326
"2022-05-06 15:56:59",netsniff-ng,wo,0.327
"2022-05-06 15:56:59",netsniff-ng,wo,0.406
"2022-05-06 15:56:59",netsniff-ng,wo,0.298
"2022-05-06 15:56:59",netsniff-ng,wo,0.328
"2022-05-06 15:56:59",netsniff-ng,wo,0.335
"2022-05-06 15:56:59",netsniff-ng,wo,0.331
"2022-05-06 15:56:59",netsniff-ng,wo,0.284
"2022-05-06 15:57:17",netsniff-ng,wt,0.132
"2022-05-06 15:57:17",netsniff-ng,wt,0.217
"2022-05-06 15:57:17",netsniff-ng,wt,0.162
"2022-05-06 15:57:17",netsniff-ng,wt,0.140
"2022-05-06 15:57:17",netsniff-ng,wt,0.174
"2022-05-06 15:57:17",netsniff-ng,wt,0.184
"2022-05-06 15:57:17",netsniff-ng,wt,0.166
"2022-05-06 15:57:17",netsniff-ng,wt,0.177
"2022-05-06 15:57:17",netsniff-ng,wt,0.147
"2022-05-06 15:57:17",netsniff-ng,wt,0.179
"2022-05-06 15:58:26",netsniff-ng,wo,0.339
"2022-05-06 15:58:26",netsniff-ng,wo,0.435
"2022-05-06 15:58:26",netsniff-ng,wo,0.405
"2022-05-06 15:58:26",netsniff-ng,wo,0.567
"2022-05-06 15:58:26",netsniff-ng,wo,0.426
"2022-05-06 15:58:26",netsniff-ng,wo,0.477
"2022-05-06 15:58:26",netsniff-ng,wo,0.363
"2022-05-06 15:58:26",netsniff-ng,wo,0.470
"2022-05-06 15:58:26",netsniff-ng,wo,0.312
"2022-05-06 15:58:26",netsniff-ng,wo,0.248
"2022-05-06 15:58:44",netsniff-ng,wt,0.159
"2022-05-06 15:58:44",netsniff-ng,wt,0.142
"2022-05-06 15:58:44",netsniff-ng,wt,0.178
"2022-05-06 15:58:44",netsniff-ng,wt,0.165
"2022-05-06 15:58:44",netsniff-ng,wt,0.184
"2022-05-06 15:58:44",netsniff-ng,wt,0.170
"2022-05-06 15:58:44",netsniff-ng,wt,0.165
"2022-05-06 15:58:44",netsniff-ng,wt,0.316
"2022-05-06 15:58:44",netsniff-ng,wt,0.159
"2022-05-06 15:58:44",netsniff-ng,wt,0.158
"2022-05-06 16:01:17",snort-ids,wo,0.266
"2022-05-06 16:01:17",snort-ids,wo,0.369
"2022-05-06 16:01:17",snort-ids,wo,0.419
"2022-05-06 16:01:17",snort-ids,wo,0.439
"2022-05-06 16:01:17",snort-ids,wo,0.673
"2022-05-06 16:01:17",snort-ids,wo,0.313
"2022-05-06 16:01:17",snort-ids,wo,0.400
"2022-05-06 16:01:17",snort-ids,wo,0.294
"2022-05-06 16:01:17",snort-ids,wo,0.611
"2022-05-06 16:01:17",snort-ids,wo,0.220
"2022-05-06 16:01:34",snort-ids,wt,0.164
"2022-05-06 16:01:34",snort-ids,wt,0.218
"2022-05-06 16:01:34",snort-ids,wt,0.232
"2022-05-06 16:01:34",snort-ids,wt,0.190
"2022-05-06 16:01:34",snort-ids,wt,0.219
"2022-05-06 16:01:34",snort-ids,wt,0.196
"2022-05-06 16:01:34",snort-ids,wt,0.159
"2022-05-06 16:01:34",snort-ids,wt,0.148
"2022-05-06 16:01:34",snort-ids,wt,0.156
"2022-05-06 16:01:34",snort-ids,wt,0.169
"2022-05-06 16:02:35",snort-ids,wo,0.277
"2022-05-06 16:02:35",snort-ids,wo,0.360
"2022-05-06 16:02:35",snort-ids,wo,0.357
"2022-05-06 16:02:35",snort-ids,wo,0.322
"2022-05-06 16:02:35",snort-ids,wo,0.365
"2022-05-06 16:02:35",snort-ids,wo,0.336
"2022-05-06 16:02:35",snort-ids,wo,0.335
"2022-05-06 16:02:35",snort-ids,wo,0.424
"2022-05-06 16:02:35",snort-ids,wo,0.404
"2022-05-06 16:02:35",snort-ids,wo,0.511
"2022-05-06 16:02:53",snort-ids,wt,0.149
"2022-05-06 16:02:53",snort-ids,wt,0.244
"2022-05-06 16:02:53",snort-ids,wt,0.140
"2022-05-06 16:02:53",snort-ids,wt,0.212
"2022-05-06 16:02:53",snort-ids,wt,0.184
"2022-05-06 16:02:53",snort-ids,wt,0.183
"2022-05-06 16:02:53",snort-ids,wt,0.154
"2022-05-06 16:02:53",snort-ids,wt,0.192
"2022-05-06 16:02:53",snort-ids,wt,0.129
"2022-05-06 16:02:53",snort-ids,wt,0.136
"2022-05-06 16:04:02",snort-ids,wo,0.356
"2022-05-06 16:04:02",snort-ids,wo,0.489
"2022-05-06 16:04:02",snort-ids,wo,0.293
"2022-05-06 16:04:02",snort-ids,wo,0.706
"2022-05-06 16:04:02",snort-ids,wo,0.331
"2022-05-06 16:04:02",snort-ids,wo,0.350
"2022-05-06 16:04:02",snort-ids,wo,0.273
"2022-05-06 16:04:02",snort-ids,wo,0.326
"2022-05-06 16:04:02",snort-ids,wo,0.313
"2022-05-06 16:04:02",snort-ids,wo,0.617
"2022-05-06 16:04:19",snort-ids,wt,0.175
"2022-05-06 16:04:19",snort-ids,wt,0.152
"2022-05-06 16:04:19",snort-ids,wt,0.196
"2022-05-06 16:04:19",snort-ids,wt,0.192
"2022-05-06 16:04:19",snort-ids,wt,0.162
"2022-05-06 16:04:19",snort-ids,wt,0.206
"2022-05-06 16:04:19",snort-ids,wt,0.155
"2022-05-06 16:04:19",snort-ids,wt,0.227
"2022-05-06 16:04:19",snort-ids,wt,0.175
"2022-05-06 16:04:19",snort-ids,wt,0.156
"2022-05-06 16:05:30",snort-ids,wo,0.359
"2022-05-06 16:05:30",snort-ids,wo,0.317
"2022-05-06 16:05:30",snort-ids,wo,0.304
"2022-05-06 16:05:30",snort-ids,wo,0.394
"2022-05-06 16:05:30",snort-ids,wo,0.388
"2022-05-06 16:05:30",snort-ids,wo,0.251
"2022-05-06 16:05:30",snort-ids,wo,0.323
"2022-05-06 16:05:30",snort-ids,wo,0.329
"2022-05-06 16:05:30",snort-ids,wo,0.610
"2022-05-06 16:05:30",snort-ids,wo,0.310
"2022-05-06 16:05:48",snort-ids,wt,0.229
"2022-05-06 16:05:48",snort-ids,wt,0.182
"2022-05-06 16:05:48",snort-ids,wt,0.164
"2022-05-06 16:05:48",snort-ids,wt,0.164
"2022-05-06 16:05:48",snort-ids,wt,0.125
"2022-05-06 16:05:48",snort-ids,wt,0.140
"2022-05-06 16:05:48",snort-ids,wt,0.147
"2022-05-06 16:05:48",snort-ids,wt,0.157
"2022-05-06 16:05:48",snort-ids,wt,0.179
"2022-05-06 16:05:48",snort-ids,wt,0.133
"2022-05-06 16:06:57",snort-ids,wo,0.275
"2022-05-06 16:06:57",snort-ids,wo,0.257
"2022-05-06 16:06:57",snort-ids,wo,0.286
"2022-05-06 16:06:57",snort-ids,wo,0.374
"2022-05-06 16:06:57",snort-ids,wo,0.349
"2022-05-06 16:06:57",snort-ids,wo,0.287
"2022-05-06 16:06:57",snort-ids,wo,0.348
"2022-05-06 16:06:57",snort-ids,wo,0.394
"2022-05-06 16:06:57",snort-ids,wo,0.327
"2022-05-06 16:06:57",snort-ids,wo,0.313
"2022-05-06 16:07:15",snort-ids,wt,0.161
"2022-05-06 16:07:15",snort-ids,wt,0.223
"2022-05-06 16:07:15",snort-ids,wt,4.291
"2022-05-06 16:07:15",snort-ids,wt,0.171
"2022-05-06 16:07:15",snort-ids,wt,0.163
"2022-05-06 16:07:15",snort-ids,wt,0.164
"2022-05-06 16:07:15",snort-ids,wt,0.198
"2022-05-06 16:07:15",snort-ids,wt,0.114
"2022-05-06 16:07:15",snort-ids,wt,0.183
"2022-05-06 16:07:15",snort-ids,wt,0.152
"2022-05-06 16:09:36",suricata-ids,wo,0.402
"2022-05-06 16:09:36",suricata-ids,wo,0.307
"2022-05-06 16:09:36",suricata-ids,wo,0.330
"2022-05-06 16:09:36",suricata-ids,wo,0.748
"2022-05-06 16:09:36",suricata-ids,wo,0.333
"2022-05-06 16:09:36",suricata-ids,wo,0.360
"2022-05-06 16:09:36",suricata-ids,wo,0.373
"2022-05-06 16:09:36",suricata-ids,wo,0.377
"2022-05-06 16:09:36",suricata-ids,wo,0.659
"2022-05-06 16:09:36",suricata-ids,wo,0.341
"2022-05-06 16:09:53",suricata-ids,wt,0.100
"2022-05-06 16:09:53",suricata-ids,wt,0.176
"2022-05-06 16:09:53",suricata-ids,wt,4.164
"2022-05-06 16:09:53",suricata-ids,wt,0.116
"2022-05-06 16:09:53",suricata-ids,wt,0.194
"2022-05-06 16:09:53",suricata-ids,wt,0.181
"2022-05-06 16:09:53",suricata-ids,wt,0.186
"2022-05-06 16:09:53",suricata-ids,wt,0.134
"2022-05-06 16:09:53",suricata-ids,wt,0.170
"2022-05-06 16:09:53",suricata-ids,wt,0.192
"2022-05-06 16:10:54",suricata-ids,wo,0.301
"2022-05-06 16:10:54",suricata-ids,wo,0.520
"2022-05-06 16:10:54",suricata-ids,wo,0.413
"2022-05-06 16:10:54",suricata-ids,wo,0.465
"2022-05-06 16:10:54",suricata-ids,wo,0.448
"2022-05-06 16:10:54",suricata-ids,wo,0.463
"2022-05-06 16:10:54",suricata-ids,wo,0.280
"2022-05-06 16:10:54",suricata-ids,wo,0.388
"2022-05-06 16:10:54",suricata-ids,wo,0.563
"2022-05-06 16:10:54",suricata-ids,wo,0.345
"2022-05-06 16:11:12",suricata-ids,wt,0.163
"2022-05-06 16:11:12",suricata-ids,wt,0.161
"2022-05-06 16:11:12",suricata-ids,wt,0.175
"2022-05-06 16:11:12",suricata-ids,wt,0.166
"2022-05-06 16:11:12",suricata-ids,wt,0.189
"2022-05-06 16:11:12",suricata-ids,wt,0.182
"2022-05-06 16:11:12",suricata-ids,wt,0.168
"2022-05-06 16:11:12",suricata-ids,wt,0.167
"2022-05-06 16:11:12",suricata-ids,wt,0.212
"2022-05-06 16:11:12",suricata-ids,wt,0.127
"2022-05-06 16:12:22",suricata-ids,wo,0.267
"2022-05-06 16:12:22",suricata-ids,wo,0.402
"2022-05-06 16:12:22",suricata-ids,wo,0.399
"2022-05-06 16:12:22",suricata-ids,wo,0.372
"2022-05-06 16:12:22",suricata-ids,wo,0.291
"2022-05-06 16:12:22",suricata-ids,wo,0.356
"2022-05-06 16:12:22",suricata-ids,wo,0.442
"2022-05-06 16:12:22",suricata-ids,wo,0.418
"2022-05-06 16:12:22",suricata-ids,wo,0.341
"2022-05-06 16:12:22",suricata-ids,wo,0.373
"2022-05-06 16:12:40",suricata-ids,wt,4.133
"2022-05-06 16:12:40",suricata-ids,wt,0.186
"2022-05-06 16:12:40",suricata-ids,wt,0.180
"2022-05-06 16:12:40",suricata-ids,wt,0.194
"2022-05-06 16:12:40",suricata-ids,wt,0.196
"2022-05-06 16:12:40",suricata-ids,wt,0.195
"2022-05-06 16:12:40",suricata-ids,wt,0.141
"2022-05-06 16:12:40",suricata-ids,wt,0.155
"2022-05-06 16:12:40",suricata-ids,wt,0.173
"2022-05-06 16:12:40",suricata-ids,wt,0.198
"2022-05-06 16:13:49",suricata-ids,wo,0.329
"2022-05-06 16:13:49",suricata-ids,wo,0.421
"2022-05-06 16:13:49",suricata-ids,wo,0.392
"2022-05-06 16:13:49",suricata-ids,wo,0.345
"2022-05-06 16:13:49",suricata-ids,wo,0.404
"2022-05-06 16:13:49",suricata-ids,wo,0.276
"2022-05-06 16:13:49",suricata-ids,wo,0.392
"2022-05-06 16:13:49",suricata-ids,wo,0.380
"2022-05-06 16:13:49",suricata-ids,wo,0.263
"2022-05-06 16:13:49",suricata-ids,wo,0.340
"2022-05-06 16:14:07",suricata-ids,wt,0.160
"2022-05-06 16:14:07",suricata-ids,wt,0.226
"2022-05-06 16:14:07",suricata-ids,wt,0.164
"2022-05-06 16:14:07",suricata-ids,wt,0.181
"2022-05-06 16:14:07",suricata-ids,wt,0.174
"2022-05-06 16:14:07",suricata-ids,wt,0.147
"2022-05-06 16:14:07",suricata-ids,wt,0.184
"2022-05-06 16:14:07",suricata-ids,wt,0.180
"2022-05-06 16:14:07",suricata-ids,wt,0.161
"2022-05-06 16:14:07",suricata-ids,wt,0.155
"2022-05-06 16:15:17",suricata-ids,wo,0.354
"2022-05-06 16:15:17",suricata-ids,wo,0.306
"2022-05-06 16:15:17",suricata-ids,wo,0.363
"2022-05-06 16:15:17",suricata-ids,wo,0.312
"2022-05-06 16:15:17",suricata-ids,wo,0.358
"2022-05-06 16:15:17",suricata-ids,wo,0.357
"2022-05-06 16:15:17",suricata-ids,wo,0.427
"2022-05-06 16:15:17",suricata-ids,wo,0.284
"2022-05-06 16:15:17",suricata-ids,wo,0.389
"2022-05-06 16:15:17",suricata-ids,wo,0.378
"2022-05-06 16:15:35",suricata-ids,wt,0.195
"2022-05-06 16:15:35",suricata-ids,wt,0.168
"2022-05-06 16:15:35",suricata-ids,wt,0.163
"2022-05-06 16:15:35",suricata-ids,wt,0.195
"2022-05-06 16:15:35",suricata-ids,wt,0.217
"2022-05-06 16:15:35",suricata-ids,wt,0.123
"2022-05-06 16:15:35",suricata-ids,wt,0.250
"2022-05-06 16:15:35",suricata-ids,wt,0.170
"2022-05-06 16:15:35",suricata-ids,wt,0.246
"2022-05-06 16:15:35",suricata-ids,wt,0.164
"2022-05-06 16:26:11",tcpdump,wo,0.268
"2022-05-06 16:26:11",tcpdump,wo,0.454
"2022-05-06 16:26:11",tcpdump,wo,0.435
"2022-05-06 16:26:11",tcpdump,wo,0.329
"2022-05-06 16:26:11",tcpdump,wo,0.709
"2022-05-06 16:26:11",tcpdump,wo,0.328
"2022-05-06 16:26:11",tcpdump,wo,0.313
"2022-05-06 16:26:11",tcpdump,wo,0.411
"2022-05-06 16:26:11",tcpdump,wo,0.545
"2022-05-06 16:26:11",tcpdump,wo,0.468
"2022-05-06 16:26:29",tcpdump,wt,0.155
"2022-05-06 16:26:29",tcpdump,wt,0.157
"2022-05-06 16:26:29",tcpdump,wt,0.165
"2022-05-06 16:26:29",tcpdump,wt,0.220
"2022-05-06 16:26:29",tcpdump,wt,0.200
"2022-05-06 16:26:29",tcpdump,wt,0.130
"2022-05-06 16:26:29",tcpdump,wt,0.193
"2022-05-06 16:26:29",tcpdump,wt,0.184
"2022-05-06 16:26:29",tcpdump,wt,0.163
"2022-05-06 16:26:29",tcpdump,wt,0.120
"2022-05-06 16:27:31",tcpdump,wo,0.230
"2022-05-06 16:27:31",tcpdump,wo,0.364
"2022-05-06 16:27:31",tcpdump,wo,0.282
"2022-05-06 16:27:31",tcpdump,wo,0.386
"2022-05-06 16:27:31",tcpdump,wo,0.362
"2022-05-06 16:27:31",tcpdump,wo,0.299
"2022-05-06 16:27:31",tcpdump,wo,0.361
"2022-05-06 16:27:31",tcpdump,wo,0.294
"2022-05-06 16:27:31",tcpdump,wo,0.442
"2022-05-06 16:27:31",tcpdump,wo,0.421
"2022-05-06 16:27:49",tcpdump,wt,0.162
"2022-05-06 16:27:49",tcpdump,wt,0.172
"2022-05-06 16:27:49",tcpdump,wt,0.196
"2022-05-06 16:27:49",tcpdump,wt,0.186
"2022-05-06 16:27:49",tcpdump,wt,0.155
"2022-05-06 16:27:49",tcpdump,wt,0.228
"2022-05-06 16:27:49",tcpdump,wt,0.274
"2022-05-06 16:27:49",tcpdump,wt,0.192
"2022-05-06 16:27:49",tcpdump,wt,0.170
"2022-05-06 16:27:49",tcpdump,wt,0.209
"2022-05-06 16:28:54",tcpdump,wo,0.310
"2022-05-06 16:28:54",tcpdump,wo,0.323
"2022-05-06 16:28:54",tcpdump,wo,0.332
"2022-05-06 16:28:54",tcpdump,wo,0.326
"2022-05-06 16:28:54",tcpdump,wo,0.731
"2022-05-06 16:28:54",tcpdump,wo,0.296
"2022-05-06 16:28:54",tcpdump,wo,0.387
"2022-05-06 16:28:54",tcpdump,wo,0.508
"2022-05-06 16:28:54",tcpdump,wo,0.400
"2022-05-06 16:28:54",tcpdump,wo,0.303
"2022-05-06 16:29:11",tcpdump,wt,0.173
"2022-05-06 16:29:11",tcpdump,wt,0.142
"2022-05-06 16:29:11",tcpdump,wt,0.184
"2022-05-06 16:29:11",tcpdump,wt,0.185
"2022-05-06 16:29:11",tcpdump,wt,0.188
"2022-05-06 16:29:11",tcpdump,wt,0.192
"2022-05-06 16:29:11",tcpdump,wt,0.191
"2022-05-06 16:29:11",tcpdump,wt,0.115
"2022-05-06 16:29:11",tcpdump,wt,0.146
"2022-05-06 16:29:11",tcpdump,wt,0.196
"2022-05-06 16:30:19",tcpdump,wo,0.332
"2022-05-06 16:30:19",tcpdump,wo,0.258
"2022-05-06 16:30:19",tcpdump,wo,0.279
"2022-05-06 16:30:19",tcpdump,wo,0.188
"2022-05-06 16:30:19",tcpdump,wo,0.469
"2022-05-06 16:30:19",tcpdump,wo,0.775
"2022-05-06 16:30:19",tcpdump,wo,0.268
"2022-05-06 16:30:19",tcpdump,wo,0.408
"2022-05-06 16:30:19",tcpdump,wo,0.337
"2022-05-06 16:30:19",tcpdump,wo,0.360
"2022-05-06 16:30:37",tcpdump,wt,0.179
"2022-05-06 16:30:37",tcpdump,wt,0.184
"2022-05-06 16:30:37",tcpdump,wt,0.149
"2022-05-06 16:30:37",tcpdump,wt,0.163
"2022-05-06 16:30:37",tcpdump,wt,0.174
"2022-05-06 16:30:37",tcpdump,wt,0.245
"2022-05-06 16:30:37",tcpdump,wt,0.164
"2022-05-06 16:30:37",tcpdump,wt,0.193
"2022-05-06 16:30:37",tcpdump,wt,0.151
"2022-05-06 16:30:37",tcpdump,wt,0.165
"2022-05-06 16:31:46",tcpdump,wo,0.344
"2022-05-06 16:31:46",tcpdump,wo,0.421
"2022-05-06 16:31:46",tcpdump,wo,0.313
"2022-05-06 16:31:46",tcpdump,wo,0.316
"2022-05-06 16:31:46",tcpdump,wo,0.330
"2022-05-06 16:31:46",tcpdump,wo,0.382
"2022-05-06 16:31:46",tcpdump,wo,0.248
"2022-05-06 16:31:46",tcpdump,wo,0.433
"2022-05-06 16:31:46",tcpdump,wo,0.367
"2022-05-06 16:31:46",tcpdump,wo,0.225
"2022-05-06 16:32:04",tcpdump,wt,0.157
"2022-05-06 16:32:04",tcpdump,wt,0.114
"2022-05-06 16:32:04",tcpdump,wt,0.177
"2022-05-06 16:32:04",tcpdump,wt,0.187
"2022-05-06 16:32:04",tcpdump,wt,0.211
"2022-05-06 16:32:04",tcpdump,wt,0.172
"2022-05-06 16:32:04",tcpdump,wt,0.190
"2022-05-06 16:32:04",tcpdump,wt,0.229
"2022-05-06 16:32:04",tcpdump,wt,0.128
"2022-05-06 16:32:04",tcpdump,wt,0.116
"2022-05-06 16:35:35","snort-ids,netsniff-ng,suricata-ids",wo,0.263
"2022-05-06 16:35:35","snort-ids,netsniff-ng,suricata-ids",wo,0.391
"2022-05-06 16:35:35","snort-ids,netsniff-ng,suricata-ids",wo,0.379
"2022-05-06 16:35:35","snort-ids,netsniff-ng,suricata-ids",wo,0.426
"2022-05-06 16:35:35","snort-ids,netsniff-ng,suricata-ids",wo,0.388
"2022-05-06 16:35:35","snort-ids,netsniff-ng,suricata-ids",wo,0.516
"2022-05-06 16:35:35","snort-ids,netsniff-ng,suricata-ids",wo,0.305
"2022-05-06 16:35:35","snort-ids,netsniff-ng,suricata-ids",wo,0.344
"2022-05-06 16:35:35","snort-ids,netsniff-ng,suricata-ids",wo,0.281
"2022-05-06 16:35:35","snort-ids,netsniff-ng,suricata-ids",wo,0.410
"2022-05-06 16:35:53","snort-ids,netsniff-ng,suricata-ids",wt,0.208
"2022-05-06 16:35:53","snort-ids,netsniff-ng,suricata-ids",wt,0.229
"2022-05-06 16:35:53","snort-ids,netsniff-ng,suricata-ids",wt,0.133
"2022-05-06 16:35:53","snort-ids,netsniff-ng,suricata-ids",wt,0.254
"2022-05-06 16:35:53","snort-ids,netsniff-ng,suricata-ids",wt,0.194
"2022-05-06 16:35:53","snort-ids,netsniff-ng,suricata-ids",wt,0.182
"2022-05-06 16:35:53","snort-ids,netsniff-ng,suricata-ids",wt,0.188
"2022-05-06 16:35:53","snort-ids,netsniff-ng,suricata-ids",wt,0.163
"2022-05-06 16:35:53","snort-ids,netsniff-ng,suricata-ids",wt,0.149
"2022-05-06 16:35:53","snort-ids,netsniff-ng,suricata-ids",wt,0.196
"2022-05-06 16:36:57","snort-ids,netsniff-ng,suricata-ids",wo,0.336
"2022-05-06 16:36:57","snort-ids,netsniff-ng,suricata-ids",wo,0.297
"2022-05-06 16:36:57","snort-ids,netsniff-ng,suricata-ids",wo,0.465
"2022-05-06 16:36:57","snort-ids,netsniff-ng,suricata-ids",wo,0.387
"2022-05-06 16:36:57","snort-ids,netsniff-ng,suricata-ids",wo,0.455
"2022-05-06 16:36:57","snort-ids,netsniff-ng,suricata-ids",wo,0.375
"2022-05-06 16:36:57","snort-ids,netsniff-ng,suricata-ids",wo,0.432
"2022-05-06 16:36:57","snort-ids,netsniff-ng,suricata-ids",wo,0.401
"2022-05-06 16:36:57","snort-ids,netsniff-ng,suricata-ids",wo,0.367
"2022-05-06 16:36:57","snort-ids,netsniff-ng,suricata-ids",wo,0.288
"2022-05-06 16:37:14","snort-ids,netsniff-ng,suricata-ids",wt,0.157
"2022-05-06 16:37:14","snort-ids,netsniff-ng,suricata-ids",wt,0.158
"2022-05-06 16:37:14","snort-ids,netsniff-ng,suricata-ids",wt,0.210
"2022-05-06 16:37:14","snort-ids,netsniff-ng,suricata-ids",wt,0.240
"2022-05-06 16:37:14","snort-ids,netsniff-ng,suricata-ids",wt,0.163
"2022-05-06 16:37:14","snort-ids,netsniff-ng,suricata-ids",wt,0.177
"2022-05-06 16:37:14","snort-ids,netsniff-ng,suricata-ids",wt,0.291
"2022-05-06 16:37:14","snort-ids,netsniff-ng,suricata-ids",wt,0.211
"2022-05-06 16:37:14","snort-ids,netsniff-ng,suricata-ids",wt,0.169
"2022-05-06 16:37:14","snort-ids,netsniff-ng,suricata-ids",wt,0.187
"2022-05-06 16:38:21","snort-ids,netsniff-ng,suricata-ids",wo,0.293
"2022-05-06 16:38:21","snort-ids,netsniff-ng,suricata-ids",wo,0.313
"2022-05-06 16:38:21","snort-ids,netsniff-ng,suricata-ids",wo,0.459
"2022-05-06 16:38:21","snort-ids,netsniff-ng,suricata-ids",wo,0.385
"2022-05-06 16:38:21","snort-ids,netsniff-ng,suricata-ids",wo,0.389
"2022-05-06 16:38:21","snort-ids,netsniff-ng,suricata-ids",wo,0.590
"2022-05-06 16:38:21","snort-ids,netsniff-ng,suricata-ids",wo,0.340
"2022-05-06 16:38:21","snort-ids,netsniff-ng,suricata-ids",wo,0.426
"2022-05-06 16:38:21","snort-ids,netsniff-ng,suricata-ids",wo,0.591
"2022-05-06 16:38:21","snort-ids,netsniff-ng,suricata-ids",wo,0.313
"2022-05-06 16:38:38","snort-ids,netsniff-ng,suricata-ids",wt,0.167
"2022-05-06 16:38:38","snort-ids,netsniff-ng,suricata-ids",wt,0.183
"2022-05-06 16:38:38","snort-ids,netsniff-ng,suricata-ids",wt,0.219
"2022-05-06 16:38:38","snort-ids,netsniff-ng,suricata-ids",wt,0.133
"2022-05-06 16:38:38","snort-ids,netsniff-ng,suricata-ids",wt,0.163
"2022-05-06 16:38:38","snort-ids,netsniff-ng,suricata-ids",wt,0.176
"2022-05-06 16:38:38","snort-ids,netsniff-ng,suricata-ids",wt,0.178
"2022-05-06 16:38:38","snort-ids,netsniff-ng,suricata-ids",wt,0.113
"2022-05-06 16:38:38","snort-ids,netsniff-ng,suricata-ids",wt,0.165
"2022-05-06 16:38:38","snort-ids,netsniff-ng,suricata-ids",wt,0.194
"2022-05-06 16:39:50","snort-ids,netsniff-ng,suricata-ids",wo,0.322
"2022-05-06 16:39:50","snort-ids,netsniff-ng,suricata-ids",wo,0.342
"2022-05-06 16:39:50","snort-ids,netsniff-ng,suricata-ids",wo,0.388
"2022-05-06 16:39:50","snort-ids,netsniff-ng,suricata-ids",wo,0.321
"2022-05-06 16:39:50","snort-ids,netsniff-ng,suricata-ids",wo,0.524
"2022-05-06 16:39:50","snort-ids,netsniff-ng,suricata-ids",wo,0.375
"2022-05-06 16:39:50","snort-ids,netsniff-ng,suricata-ids",wo,0.532
"2022-05-06 16:39:50","snort-ids,netsniff-ng,suricata-ids",wo,0.381
"2022-05-06 16:39:50","snort-ids,netsniff-ng,suricata-ids",wo,0.422
"2022-05-06 16:39:50","snort-ids,netsniff-ng,suricata-ids",wo,0.343
"2022-05-06 16:40:07","snort-ids,netsniff-ng,suricata-ids",wt,0.193
"2022-05-06 16:40:07","snort-ids,netsniff-ng,suricata-ids",wt,0.156
"2022-05-06 16:40:07","snort-ids,netsniff-ng,suricata-ids",wt,0.166
"2022-05-06 16:40:07","snort-ids,netsniff-ng,suricata-ids",wt,0.193
"2022-05-06 16:40:07","snort-ids,netsniff-ng,suricata-ids",wt,0.172
"2022-05-06 16:40:07","snort-ids,netsniff-ng,suricata-ids",wt,0.230
"2022-05-06 16:40:07","snort-ids,netsniff-ng,suricata-ids",wt,0.185
"2022-05-06 16:40:07","snort-ids,netsniff-ng,suricata-ids",wt,0.158
"2022-05-06 16:40:07","snort-ids,netsniff-ng,suricata-ids",wt,0.222
"2022-05-06 16:40:07","snort-ids,netsniff-ng,suricata-ids",wt,0.182
"2022-05-06 16:41:19","snort-ids,netsniff-ng,suricata-ids",wo,0.331
"2022-05-06 16:41:19","snort-ids,netsniff-ng,suricata-ids",wo,0.372
"2022-05-06 16:41:19","snort-ids,netsniff-ng,suricata-ids",wo,0.312
"2022-05-06 16:41:19","snort-ids,netsniff-ng,suricata-ids",wo,0.573
"2022-05-06 16:41:19","snort-ids,netsniff-ng,suricata-ids",wo,0.453
"2022-05-06 16:41:19","snort-ids,netsniff-ng,suricata-ids",wo,0.425
"2022-05-06 16:41:19","snort-ids,netsniff-ng,suricata-ids",wo,0.383
"2022-05-06 16:41:19","snort-ids,netsniff-ng,suricata-ids",wo,0.397
"2022-05-06 16:41:19","snort-ids,netsniff-ng,suricata-ids",wo,0.382
"2022-05-06 16:41:19","snort-ids,netsniff-ng,suricata-ids",wo,0.459
"2022-05-06 16:41:37","snort-ids,netsniff-ng,suricata-ids",wt,0.168
"2022-05-06 16:41:37","snort-ids,netsniff-ng,suricata-ids",wt,0.260
"2022-05-06 16:41:37","snort-ids,netsniff-ng,suricata-ids",wt,0.238
"2022-05-06 16:41:37","snort-ids,netsniff-ng,suricata-ids",wt,0.181
"2022-05-06 16:41:37","snort-ids,netsniff-ng,suricata-ids",wt,0.188
"2022-05-06 16:41:37","snort-ids,netsniff-ng,suricata-ids",wt,0.172
"2022-05-06 16:41:37","snort-ids,netsniff-ng,suricata-ids",wt,0.209
"2022-05-06 16:41:37","snort-ids,netsniff-ng,suricata-ids",wt,0.159
"2022-05-06 16:41:37","snort-ids,netsniff-ng,suricata-ids",wt,0.170
"2022-05-06 16:41:37","snort-ids,netsniff-ng,suricata-ids",wt,0.197
"2022-05-06 16:46:28","snort-ids,firewall,tcpdump",wo,0.558
"2022-05-06 16:46:28","snort-ids,firewall,tcpdump",wo,1.071
"2022-05-06 16:46:28","snort-ids,firewall,tcpdump",wo,0.756
"2022-05-06 16:46:28","snort-ids,firewall,tcpdump",wo,0.714
"2022-05-06 16:46:28","snort-ids,firewall,tcpdump",wo,0.700
"2022-05-06 16:46:28","snort-ids,firewall,tcpdump",wo,0.800
"2022-05-06 16:46:28","snort-ids,firewall,tcpdump",wo,0.737
"2022-05-06 16:46:28","snort-ids,firewall,tcpdump",wo,0.682
"2022-05-06 16:46:28","snort-ids,firewall,tcpdump",wo,0.770
"2022-05-06 16:46:28","snort-ids,firewall,tcpdump",wo,0.669
"2022-05-06 16:46:46","snort-ids,firewall,tcpdump",wt,0.234
"2022-05-06 16:46:46","snort-ids,firewall,tcpdump",wt,0.190
"2022-05-06 16:46:46","snort-ids,firewall,tcpdump",wt,0.338
"2022-05-06 16:46:46","snort-ids,firewall,tcpdump",wt,0.288
"2022-05-06 16:46:46","snort-ids,firewall,tcpdump",wt,4.245
"2022-05-06 16:46:46","snort-ids,firewall,tcpdump",wt,0.325
"2022-05-06 16:46:46","snort-ids,firewall,tcpdump",wt,0.249
"2022-05-06 16:46:46","snort-ids,firewall,tcpdump",wt,0.236
"2022-05-06 16:46:46","snort-ids,firewall,tcpdump",wt,0.348
"2022-05-06 16:46:46","snort-ids,firewall,tcpdump",wt,0.206
"2022-05-06 16:47:52","snort-ids,firewall,tcpdump",wo,0.576
"2022-05-06 16:47:52","snort-ids,firewall,tcpdump",wo,0.750
"2022-05-06 16:47:52","snort-ids,firewall,tcpdump",wo,0.788
"2022-05-06 16:47:52","snort-ids,firewall,tcpdump",wo,0.633
"2022-05-06 16:47:52","snort-ids,firewall,tcpdump",wo,0.749
"2022-05-06 16:47:52","snort-ids,firewall,tcpdump",wo,0.614
"2022-05-06 16:47:52","snort-ids,firewall,tcpdump",wo,0.704
"2022-05-06 16:47:52","snort-ids,firewall,tcpdump",wo,0.706
"2022-05-06 16:47:52","snort-ids,firewall,tcpdump",wo,0.860
"2022-05-06 16:47:52","snort-ids,firewall,tcpdump",wo,0.767
"2022-05-06 16:48:10","snort-ids,firewall,tcpdump",wt,0.226
"2022-05-06 16:48:10","snort-ids,firewall,tcpdump",wt,0.267
"2022-05-06 16:48:10","snort-ids,firewall,tcpdump",wt,0.239
"2022-05-06 16:48:10","snort-ids,firewall,tcpdump",wt,0.332
"2022-05-06 16:48:10","snort-ids,firewall,tcpdump",wt,0.265
"2022-05-06 16:48:10","snort-ids,firewall,tcpdump",wt,0.297
"2022-05-06 16:48:10","snort-ids,firewall,tcpdump",wt,0.232
"2022-05-06 16:48:10","snort-ids,firewall,tcpdump",wt,0.269
"2022-05-06 16:48:10","snort-ids,firewall,tcpdump",wt,0.269
"2022-05-06 16:48:10","snort-ids,firewall,tcpdump",wt,0.215
"2022-05-06 17:03:01","snort-ids,tcpdump,firewall",wo,0.555
"2022-05-06 17:03:01","snort-ids,tcpdump,firewall",wo,0.728
"2022-05-06 17:03:01","snort-ids,tcpdump,firewall",wo,0.707
"2022-05-06 17:03:01","snort-ids,tcpdump,firewall",wo,0.717
"2022-05-06 17:03:01","snort-ids,tcpdump,firewall",wo,0.748
"2022-05-06 17:03:01","snort-ids,tcpdump,firewall",wo,0.648
"2022-05-06 17:03:01","snort-ids,tcpdump,firewall",wo,0.646
"2022-05-06 17:03:01","snort-ids,tcpdump,firewall",wo,0.723
"2022-05-06 17:03:01","snort-ids,tcpdump,firewall",wo,0.764
"2022-05-06 17:03:01","snort-ids,tcpdump,firewall",wo,0.552
"2022-05-06 17:03:29","snort-ids,tcpdump,firewall",wt,0.289
"2022-05-06 17:03:29","snort-ids,tcpdump,firewall",wt,0.251
"2022-05-06 17:03:29","snort-ids,tcpdump,firewall",wt,0.601
"2022-05-06 17:03:29","snort-ids,tcpdump,firewall",wt,0.194
"2022-05-06 17:03:29","snort-ids,tcpdump,firewall",wt,0.245
"2022-05-06 17:03:29","snort-ids,tcpdump,firewall",wt,0.267
"2022-05-06 17:03:29","snort-ids,tcpdump,firewall",wt,0.271
"2022-05-06 17:03:29","snort-ids,tcpdump,firewall",wt,0.259
"2022-05-06 17:03:29","snort-ids,tcpdump,firewall",wt,0.258
"2022-05-06 17:03:29","snort-ids,tcpdump,firewall",wt,0.264
"2022-05-06 17:04:51","snort-ids,tcpdump,firewall",wo,0.629
"2022-05-06 17:04:51","snort-ids,tcpdump,firewall",wo,0.772
"2022-05-06 17:04:51","snort-ids,tcpdump,firewall",wo,0.911
"2022-05-06 17:04:51","snort-ids,tcpdump,firewall",wo,0.951
"2022-05-06 17:04:51","snort-ids,tcpdump,firewall",wo,0.760
"2022-05-06 17:04:51","snort-ids,tcpdump,firewall",wo,0.621
"2022-05-06 17:04:51","snort-ids,tcpdump,firewall",wo,0.749
"2022-05-06 17:04:51","snort-ids,tcpdump,firewall",wo,1.222
"2022-05-06 17:04:51","snort-ids,tcpdump,firewall",wo,0.809
"2022-05-06 17:04:51","snort-ids,tcpdump,firewall",wo,0.825
"2022-05-06 17:05:09","snort-ids,tcpdump,firewall",wt,0.270
"2022-05-06 17:05:09","snort-ids,tcpdump,firewall",wt,0.339
"2022-05-06 17:05:09","snort-ids,tcpdump,firewall",wt,0.267
"2022-05-06 17:05:09","snort-ids,tcpdump,firewall",wt,0.313
"2022-05-06 17:05:09","snort-ids,tcpdump,firewall",wt,0.234
"2022-05-06 17:05:09","snort-ids,tcpdump,firewall",wt,0.323
"2022-05-06 17:05:09","snort-ids,tcpdump,firewall",wt,0.366
"2022-05-06 17:05:09","snort-ids,tcpdump,firewall",wt,0.249
"2022-05-06 17:05:09","snort-ids,tcpdump,firewall",wt,0.388
"2022-05-06 17:05:09","snort-ids,tcpdump,firewall",wt,0.266
"2022-05-06 17:06:19","snort-ids,tcpdump,firewall",wo,0.619
"2022-05-06 17:06:19","snort-ids,tcpdump,firewall",wo,0.779
"2022-05-06 17:06:19","snort-ids,tcpdump,firewall",wo,1.046
"2022-05-06 17:06:19","snort-ids,tcpdump,firewall",wo,0.738
"2022-05-06 17:06:19","snort-ids,tcpdump,firewall",wo,0.929
"2022-05-06 17:06:19","snort-ids,tcpdump,firewall",wo,0.708
"2022-05-06 17:06:19","snort-ids,tcpdump,firewall",wo,0.822
"2022-05-06 17:06:19","snort-ids,tcpdump,firewall",wo,0.792
"2022-05-06 17:06:19","snort-ids,tcpdump,firewall",wo,0.723
"2022-05-06 17:06:19","snort-ids,tcpdump,firewall",wo,0.624
"2022-05-06 17:06:37","snort-ids,tcpdump,firewall",wt,0.237
"2022-05-06 17:06:37","snort-ids,tcpdump,firewall",wt,0.244
"2022-05-06 17:06:37","snort-ids,tcpdump,firewall",wt,0.271
"2022-05-06 17:06:37","snort-ids,tcpdump,firewall",wt,0.277
"2022-05-06 17:06:37","snort-ids,tcpdump,firewall",wt,0.233
"2022-05-06 17:06:37","snort-ids,tcpdump,firewall",wt,0.261
"2022-05-06 17:06:37","snort-ids,tcpdump,firewall",wt,0.280
"2022-05-06 17:06:37","snort-ids,tcpdump,firewall",wt,0.499
"2022-05-06 17:06:37","snort-ids,tcpdump,firewall",wt,0.209
"2022-05-06 17:06:37","snort-ids,tcpdump,firewall",wt,0.237
"2022-05-06 17:07:52","snort-ids,tcpdump,firewall",wo,0.615
"2022-05-06 17:07:52","snort-ids,tcpdump,firewall",wo,0.711
"2022-05-06 17:07:52","snort-ids,tcpdump,firewall",wo,0.655
"2022-05-06 17:07:52","snort-ids,tcpdump,firewall",wo,0.754
"2022-05-06 17:07:52","snort-ids,tcpdump,firewall",wo,0.868
"2022-05-06 17:07:52","snort-ids,tcpdump,firewall",wo,0.839
"2022-05-06 17:07:52","snort-ids,tcpdump,firewall",wo,0.880
"2022-05-06 17:07:52","snort-ids,tcpdump,firewall",wo,0.848
"2022-05-06 17:07:52","snort-ids,tcpdump,firewall",wo,0.704
"2022-05-06 17:07:52","snort-ids,tcpdump,firewall",wo,0.824
"2022-05-06 17:08:10","snort-ids,tcpdump,firewall",wt,0.194
"2022-05-06 17:08:10","snort-ids,tcpdump,firewall",wt,0.251
"2022-05-06 17:08:10","snort-ids,tcpdump,firewall",wt,0.292
"2022-05-06 17:08:10","snort-ids,tcpdump,firewall",wt,0.266
"2022-05-06 17:08:10","snort-ids,tcpdump,firewall",wt,0.223
"2022-05-06 17:08:10","snort-ids,tcpdump,firewall",wt,0.339
"2022-05-06 17:08:10","snort-ids,tcpdump,firewall",wt,0.250
"2022-05-06 17:08:10","snort-ids,tcpdump,firewall",wt,0.347
"2022-05-06 17:08:10","snort-ids,tcpdump,firewall",wt,0.237
"2022-05-06 17:08:10","snort-ids,tcpdump,firewall",wt,0.240
"2022-05-06 17:09:20","snort-ids,tcpdump,firewall",wo,0.600
"2022-05-06 17:09:20","snort-ids,tcpdump,firewall",wo,0.948
"2022-05-06 17:09:20","snort-ids,tcpdump,firewall",wo,0.875
"2022-05-06 17:09:20","snort-ids,tcpdump,firewall",wo,0.710
"2022-05-06 17:09:20","snort-ids,tcpdump,firewall",wo,0.811
"2022-05-06 17:09:20","snort-ids,tcpdump,firewall",wo,0.792
"2022-05-06 17:09:20","snort-ids,tcpdump,firewall",wo,0.832
"2022-05-06 17:09:20","snort-ids,tcpdump,firewall",wo,0.788
"2022-05-06 17:09:20","snort-ids,tcpdump,firewall",wo,0.849
"2022-05-06 17:09:20","snort-ids,tcpdump,firewall",wo,0.837
"2022-05-06 17:09:38","snort-ids,tcpdump,firewall",wt,0.237
"2022-05-06 17:09:38","snort-ids,tcpdump,firewall",wt,0.282
"2022-05-06 17:09:38","snort-ids,tcpdump,firewall",wt,0.265
"2022-05-06 17:09:38","snort-ids,tcpdump,firewall",wt,0.491
"2022-05-06 17:09:38","snort-ids,tcpdump,firewall",wt,0.285
"2022-05-06 17:09:38","snort-ids,tcpdump,firewall",wt,0.282
"2022-05-06 17:09:38","snort-ids,tcpdump,firewall",wt,0.275
"2022-05-06 17:09:38","snort-ids,tcpdump,firewall",wt,0.280
"2022-05-06 17:09:38","snort-ids,tcpdump,firewall",wt,0.243
"2022-05-06 17:09:38","snort-ids,tcpdump,firewall",wt,0.272
"2022-05-06 17:12:44","netsniff-ng,suricata-ids,tcpdump",wo,0.331
"2022-05-06 17:12:44","netsniff-ng,suricata-ids,tcpdump",wo,0.649
"2022-05-06 17:12:44","netsniff-ng,suricata-ids,tcpdump",wo,0.326
"2022-05-06 17:12:44","netsniff-ng,suricata-ids,tcpdump",wo,0.332
"2022-05-06 17:12:44","netsniff-ng,suricata-ids,tcpdump",wo,0.328
"2022-05-06 17:12:44","netsniff-ng,suricata-ids,tcpdump",wo,0.258
"2022-05-06 17:12:44","netsniff-ng,suricata-ids,tcpdump",wo,0.562
"2022-05-06 17:12:44","netsniff-ng,suricata-ids,tcpdump",wo,0.449
"2022-05-06 17:12:44","netsniff-ng,suricata-ids,tcpdump",wo,0.330
"2022-05-06 17:12:44","netsniff-ng,suricata-ids,tcpdump",wo,0.316
"2022-05-06 17:13:02","netsniff-ng,suricata-ids,tcpdump",wt,0.167
"2022-05-06 17:13:02","netsniff-ng,suricata-ids,tcpdump",wt,0.204
"2022-05-06 17:13:02","netsniff-ng,suricata-ids,tcpdump",wt,4.026
"2022-05-06 17:13:02","netsniff-ng,suricata-ids,tcpdump",wt,0.179
"2022-05-06 17:13:02","netsniff-ng,suricata-ids,tcpdump",wt,0.228
"2022-05-06 17:13:02","netsniff-ng,suricata-ids,tcpdump",wt,0.268
"2022-05-06 17:13:02","netsniff-ng,suricata-ids,tcpdump",wt,0.148
"2022-05-06 17:13:02","netsniff-ng,suricata-ids,tcpdump",wt,0.195
"2022-05-06 17:13:02","netsniff-ng,suricata-ids,tcpdump",wt,0.225
"2022-05-06 17:13:02","netsniff-ng,suricata-ids,tcpdump",wt,0.178
"2022-05-06 17:14:06","netsniff-ng,suricata-ids,tcpdump",wo,0.328
"2022-05-06 17:14:06","netsniff-ng,suricata-ids,tcpdump",wo,0.542
"2022-05-06 17:14:06","netsniff-ng,suricata-ids,tcpdump",wo,0.442
"2022-05-06 17:14:06","netsniff-ng,suricata-ids,tcpdump",wo,0.404
"2022-05-06 17:14:06","netsniff-ng,suricata-ids,tcpdump",wo,0.444
"2022-05-06 17:14:06","netsniff-ng,suricata-ids,tcpdump",wo,0.346
"2022-05-06 17:14:06","netsniff-ng,suricata-ids,tcpdump",wo,0.572
"2022-05-06 17:14:06","netsniff-ng,suricata-ids,tcpdump",wo,0.390
"2022-05-06 17:14:06","netsniff-ng,suricata-ids,tcpdump",wo,0.509
"2022-05-06 17:14:06","netsniff-ng,suricata-ids,tcpdump",wo,0.282
"2022-05-06 17:14:24","netsniff-ng,suricata-ids,tcpdump",wt,0.165
"2022-05-06 17:14:24","netsniff-ng,suricata-ids,tcpdump",wt,0.231
"2022-05-06 17:14:24","netsniff-ng,suricata-ids,tcpdump",wt,0.210
"2022-05-06 17:14:24","netsniff-ng,suricata-ids,tcpdump",wt,0.160
"2022-05-06 17:14:24","netsniff-ng,suricata-ids,tcpdump",wt,0.136
"2022-05-06 17:14:24","netsniff-ng,suricata-ids,tcpdump",wt,0.171
"2022-05-06 17:14:24","netsniff-ng,suricata-ids,tcpdump",wt,0.184
"2022-05-06 17:14:24","netsniff-ng,suricata-ids,tcpdump",wt,0.244
"2022-05-06 17:14:24","netsniff-ng,suricata-ids,tcpdump",wt,0.173
"2022-05-06 17:14:24","netsniff-ng,suricata-ids,tcpdump",wt,0.177
"2022-05-06 17:15:36","netsniff-ng,suricata-ids,tcpdump",wo,0.319
"2022-05-06 17:15:36","netsniff-ng,suricata-ids,tcpdump",wo,0.547
"2022-05-06 17:15:36","netsniff-ng,suricata-ids,tcpdump",wo,0.426
"2022-05-06 17:15:36","netsniff-ng,suricata-ids,tcpdump",wo,0.304
"2022-05-06 17:15:36","netsniff-ng,suricata-ids,tcpdump",wo,0.463
"2022-05-06 17:15:36","netsniff-ng,suricata-ids,tcpdump",wo,0.404
"2022-05-06 17:15:36","netsniff-ng,suricata-ids,tcpdump",wo,0.382
"2022-05-06 17:15:36","netsniff-ng,suricata-ids,tcpdump",wo,0.496
"2022-05-06 17:15:36","netsniff-ng,suricata-ids,tcpdump",wo,0.316
"2022-05-06 17:15:36","netsniff-ng,suricata-ids,tcpdump",wo,0.636
"2022-05-06 17:15:54","netsniff-ng,suricata-ids,tcpdump",wt,0.177
"2022-05-06 17:15:54","netsniff-ng,suricata-ids,tcpdump",wt,0.312
"2022-05-06 17:15:54","netsniff-ng,suricata-ids,tcpdump",wt,0.153
"2022-05-06 17:15:54","netsniff-ng,suricata-ids,tcpdump",wt,0.172
"2022-05-06 17:15:54","netsniff-ng,suricata-ids,tcpdump",wt,0.184
"2022-05-06 17:15:54","netsniff-ng,suricata-ids,tcpdump",wt,0.189
"2022-05-06 17:15:54","netsniff-ng,suricata-ids,tcpdump",wt,0.276
"2022-05-06 17:15:54","netsniff-ng,suricata-ids,tcpdump",wt,0.183
"2022-05-06 17:15:54","netsniff-ng,suricata-ids,tcpdump",wt,0.164
"2022-05-06 17:15:54","netsniff-ng,suricata-ids,tcpdump",wt,0.132
"2022-05-06 17:17:06","netsniff-ng,suricata-ids,tcpdump",wo,0.255
"2022-05-06 17:17:06","netsniff-ng,suricata-ids,tcpdump",wo,0.355
"2022-05-06 17:17:06","netsniff-ng,suricata-ids,tcpdump",wo,0.609
"2022-05-06 17:17:06","netsniff-ng,suricata-ids,tcpdump",wo,0.503
"2022-05-06 17:17:06","netsniff-ng,suricata-ids,tcpdump",wo,0.423
"2022-05-06 17:17:06","netsniff-ng,suricata-ids,tcpdump",wo,0.380
"2022-05-06 17:17:06","netsniff-ng,suricata-ids,tcpdump",wo,0.391
"2022-05-06 17:17:06","netsniff-ng,suricata-ids,tcpdump",wo,0.439
"2022-05-06 17:17:06","netsniff-ng,suricata-ids,tcpdump",wo,0.665
"2022-05-06 17:17:06","netsniff-ng,suricata-ids,tcpdump",wo,0.605
"2022-05-06 17:17:24","netsniff-ng,suricata-ids,tcpdump",wt,0.215
"2022-05-06 17:17:24","netsniff-ng,suricata-ids,tcpdump",wt,0.171
"2022-05-06 17:17:24","netsniff-ng,suricata-ids,tcpdump",wt,0.176
"2022-05-06 17:17:24","netsniff-ng,suricata-ids,tcpdump",wt,0.158
"2022-05-06 17:17:24","netsniff-ng,suricata-ids,tcpdump",wt,0.164
"2022-05-06 17:17:24","netsniff-ng,suricata-ids,tcpdump",wt,0.153
"2022-05-06 17:17:24","netsniff-ng,suricata-ids,tcpdump",wt,0.181
"2022-05-06 17:17:24","netsniff-ng,suricata-ids,tcpdump",wt,0.166
"2022-05-06 17:17:24","netsniff-ng,suricata-ids,tcpdump",wt,0.212
"2022-05-06 17:17:24","netsniff-ng,suricata-ids,tcpdump",wt,0.141
"2022-05-06 17:18:37","netsniff-ng,suricata-ids,tcpdump",wo,0.373
"2022-05-06 17:18:37","netsniff-ng,suricata-ids,tcpdump",wo,0.393
"2022-05-06 17:18:37","netsniff-ng,suricata-ids,tcpdump",wo,0.591
"2022-05-06 17:18:37","netsniff-ng,suricata-ids,tcpdump",wo,0.381
"2022-05-06 17:18:37","netsniff-ng,suricata-ids,tcpdump",wo,0.377
"2022-05-06 17:18:37","netsniff-ng,suricata-ids,tcpdump",wo,0.400
"2022-05-06 17:18:37","netsniff-ng,suricata-ids,tcpdump",wo,0.550
"2022-05-06 17:18:37","netsniff-ng,suricata-ids,tcpdump",wo,0.574
"2022-05-06 17:18:37","netsniff-ng,suricata-ids,tcpdump",wo,0.401
"2022-05-06 17:18:37","netsniff-ng,suricata-ids,tcpdump",wo,0.467
"2022-05-06 17:18:54","netsniff-ng,suricata-ids,tcpdump",wt,0.220
"2022-05-06 17:18:54","netsniff-ng,suricata-ids,tcpdump",wt,0.207
"2022-05-06 17:18:54","netsniff-ng,suricata-ids,tcpdump",wt,0.168
"2022-05-06 17:18:54","netsniff-ng,suricata-ids,tcpdump",wt,0.168
"2022-05-06 17:18:54","netsniff-ng,suricata-ids,tcpdump",wt,0.127
"2022-05-06 17:18:54","netsniff-ng,suricata-ids,tcpdump",wt,0.170
"2022-05-06 17:18:54","netsniff-ng,suricata-ids,tcpdump",wt,0.251
"2022-05-06 17:18:54","netsniff-ng,suricata-ids,tcpdump",wt,0.156
"2022-05-06 17:18:54","netsniff-ng,suricata-ids,tcpdump",wt,0.218
"2022-05-06 17:18:54","netsniff-ng,suricata-ids,tcpdump",wt,0.169
